dataset,ab_group,rows,users,mean_events_per_user,share_home_view,share_offer_impression,share_offer_click,share_offer_apply,share_offer_approved,share_revenue
seed,A_control,132,77,1.7142857142857142,0.5833333333333334,0.23484848484848486,0.06060606060606061,0.045454545454545456,0.03787878787878788,0.03787878787878788
seed,B_test,144,63,2.2857142857142856,0.4375,0.2986111111111111,0.09722222222222222,0.05555555555555555,0.05555555555555555,0.05555555555555555
expanded,A_control,8571,5000,1.7142,0.5833625014584063,0.23042818807607046,0.061253062653132656,0.04725236261813091,0.03885194259712986,0.03885194259712986
expanded,B_test,11429,5000,2.2858,0.4374835943652113,0.30002624901566194,0.09659637763583866,0.05529792632776271,0.05529792632776271,0.05529792632776271
