ab_group,users,home_view_total,impressions_total,clicks_total,applies_total,approvals_total,revenue_total,mean_cr_apply,var_cr_apply,group_cr_apply,mean_ctr,var_ctr,group_ctr,mean_cr_home_apply,var_cr_home_apply,group_cr_home_apply,mean_approval_rate,var_approval_rate,group_approval_rate,mean_arpu,var_arpu,group_arpu
A_control,5000,5000,1975,525,405,333,5366.790000000001,0.081,0.07445389077815565,0.20506329113924052,0.105,0.09399379875975195,0.26582278481012656,0.081,0.07445389077815565,0.081,0.0666,0.06217687537507502,0.8222222222222222,1.0733580000000003,31.161467117259456,1.0733580000000003
B_test,5000,5000,3429,1104,632,632,14019.619999999999,0.1264,0.11044512902580515,0.184310294546515,0.2208,0.17208177635527105,0.3219597550306212,0.1264,0.11044512902580515,0.1264,0.1264,0.11044512902580515,1.0,2.803924,96.04115059234248,2.803924
